{
  "decisions": [
    {
      "decision_id": "DEC_001",
      "status": "approved",
      "title": "Approbation Projet Alpha",
      "created_at": "2025-08-10T00:00:00Z",
      "decided_by": "human_operator",
      "tree_laws_check": {
        "TL_001": "passed",
        "TL_002": "passed",
        "TL_003": "passed"
      }
    },
    {
      "decision_id": "DEC_002",
      "status": "approved",
      "title": "Ajout Agent Cr\u00e9atif",
      "created_at": "2025-06-02T00:00:00Z",
      "decided_by": "human_operator",
      "tree_laws_check": {
        "TL_001": "passed",
        "TL_002": "passed",
        "TL_003": "passed"
      }
    },
    {
      "decision_id": "DEC_003",
      "status": "rejected",
      "title": "Modification Tree Law",
      "created_at": "2025-05-31T00:00:00Z",
      "decided_by": "human_operator",
      "tree_laws_check": {
        "TL_001": "passed",
        "TL_002": "passed",
        "TL_003": "passed"
      }
    },
    {
      "decision_id": "DEC_004",
      "status": "approved",
      "title": "Int\u00e9gration Gemini",
      "created_at": "2025-03-24T00:00:00Z",
      "decided_by": "human_operator",
      "tree_laws_check": {
        "TL_001": "passed",
        "TL_002": "passed",
        "TL_003": "passed"
      }
    },
    {
      "decision_id": "DEC_005",
      "status": "approved",
      "title": "Mise \u00e0 jour RBQ",
      "created_at": "2025-04-25T00:00:00Z",
      "decided_by": "human_operator",
      "tree_laws_check": {
        "TL_001": "passed",
        "TL_002": "passed",
        "TL_003": "passed"
      }
    },
    {
      "decision_id": "DEC_006",
      "status": "pending",
      "title": "Nouveau Projet Omega",
      "created_at": "2025-11-16T00:00:00Z",
      "decided_by": null,
      "tree_laws_check": {
        "TL_001": "passed",
        "TL_002": "passed",
        "TL_003": "passed"
      }
    },
    {
      "decision_id": "DEC_007",
      "status": "approved",
      "title": "Export PDF sign\u00e9",
      "created_at": "2025-10-08T00:00:00Z",
      "decided_by": "human_operator",
      "tree_laws_check": {
        "TL_001": "passed",
        "TL_002": "passed",
        "TL_003": "passed"
      }
    },
    {
      "decision_id": "DEC_008",
      "status": "approved",
      "title": "Mode Incident v2",
      "created_at": "2025-07-20T00:00:00Z",
      "decided_by": "human_operator",
      "tree_laws_check": {
        "TL_001": "passed",
        "TL_002": "passed",
        "TL_003": "passed"
      }
    },
    {
      "decision_id": "DEC_009",
      "status": "rejected",
      "title": "Auto-compaction",
      "created_at": "2025-03-07T00:00:00Z",
      "decided_by": "human_operator",
      "tree_laws_check": {
        "TL_001": "passed",
        "TL_002": "passed",
        "TL_003": "passed"
      }
    },
    {
      "decision_id": "DEC_010",
      "status": "approved",
      "title": "Calculateur CVAC",
      "created_at": "2025-03-02T00:00:00Z",
      "decided_by": "human_operator",
      "tree_laws_check": {
        "TL_001": "passed",
        "TL_002": "passed",
        "TL_003": "passed"
      }
    },
    {
      "decision_id": "DEC_011",
      "status": "approved",
      "title": "Flow Demo 90s",
      "created_at": "2025-04-27T00:00:00Z",
      "decided_by": "human_operator",
      "tree_laws_check": {
        "TL_001": "passed",
        "TL_002": "passed",
        "TL_003": "passed"
      }
    },
    {
      "decision_id": "DEC_012",
      "status": "approved",
      "title": "Sphere Knowledge",
      "created_at": "2025-10-06T00:00:00Z",
      "decided_by": "human_operator",
      "tree_laws_check": {
        "TL_001": "passed",
        "TL_002": "passed",
        "TL_003": "passed"
      }
    },
    {
      "decision_id": "DEC_013",
      "status": "pending",
      "title": "Int\u00e9gration Ollama",
      "created_at": "2025-02-10T00:00:00Z",
      "decided_by": null,
      "tree_laws_check": {
        "TL_001": "passed",
        "TL_002": "passed",
        "TL_003": "passed"
      }
    },
    {
      "decision_id": "DEC_014",
      "status": "approved",
      "title": "Novoclimat 2.0",
      "created_at": "2025-02-26T00:00:00Z",
      "decided_by": "human_operator",
      "tree_laws_check": {
        "TL_001": "passed",
        "TL_002": "passed",
        "TL_003": "passed"
      }
    },
    {
      "decision_id": "DEC_015",
      "status": "approved",
      "title": "Replay Forensique",
      "created_at": "2025-05-17T00:00:00Z",
      "decided_by": "human_operator",
      "tree_laws_check": {
        "TL_001": "passed",
        "TL_002": "passed",
        "TL_003": "passed"
      }
    }
  ],
  "count": 15
}