{
  "$schema": "https://design-tokens.github.io/community-group/format/",
  "name": "CHE·NU Design Tokens",
  "version": "1.0.0",
  "description": "Single source of truth for CHE·NU UI design",
  
  "color": {
    "brand": {
      "sacredGold": {
        "value": "#D8B26A",
        "description": "Primary accent - Sacred Gold"
      },
      "ancientStone": {
        "value": "#8D8371",
        "description": "Secondary - Ancient Stone"
      },
      "jungleEmerald": {
        "value": "#3F7249",
        "description": "Personal sphere - Jungle Emerald"
      },
      "cenoteTurquoise": {
        "value": "#3EB4A2",
        "description": "Success states - Cenote Turquoise"
      },
      "shadowMoss": {
        "value": "#2F4C39",
        "description": "Dark accent - Shadow Moss"
      },
      "earthEmber": {
        "value": "#7A593A",
        "description": "Warm accent - Earth Ember"
      },
      "uiSlate": {
        "value": "#1E1F22",
        "description": "Dark background - UI Slate"
      },
      "softSand": {
        "value": "#E9E4D6",
        "description": "Light background - Soft Sand"
      }
    },
    
    "sphere": {
      "personal": {
        "value": "#3F7249",
        "description": "Personal 🏠"
      },
      "business": {
        "value": "#2C5282",
        "description": "Business 💼"
      },
      "government": {
        "value": "#744210",
        "description": "Government 🏛️"
      },
      "studio": {
        "value": "#9B2C2C",
        "description": "Studio 🎨"
      },
      "community": {
        "value": "#553C9A",
        "description": "Community 👥"
      },
      "social": {
        "value": "#D53F8C",
        "description": "Social 📱"
      },
      "entertainment": {
        "value": "#DD6B20",
        "description": "Entertainment 🎬"
      },
      "team": {
        "value": "#319795",
        "description": "Team 🤝"
      }
    },
    
    "semantic": {
      "success": {
        "value": "#3EB4A2",
        "description": "Success state"
      },
      "warning": {
        "value": "#D8B26A",
        "description": "Warning state"
      },
      "error": {
        "value": "#E53E3E",
        "description": "Error state"
      },
      "info": {
        "value": "#3182CE",
        "description": "Info state"
      }
    },
    
    "neutral": {
      "50": { "value": "#FAFAFA" },
      "100": { "value": "#F5F5F5" },
      "200": { "value": "#EEEEEE" },
      "300": { "value": "#E0E0E0" },
      "400": { "value": "#BDBDBD" },
      "500": { "value": "#9E9E9E" },
      "600": { "value": "#757575" },
      "700": { "value": "#616161" },
      "800": { "value": "#424242" },
      "900": { "value": "#212121" }
    },
    
    "nova": {
      "idle": { "value": "#3F7249" },
      "thinking": { "value": "#D8B26A" },
      "speaking": { "value": "#3EB4A2" },
      "alert": { "value": "#E53E3E" }
    }
  },
  
  "typography": {
    "fontFamily": {
      "primary": {
        "value": "'Inter', -apple-system, BlinkMacSystemFont, 'Segoe UI', sans-serif",
        "description": "Primary font family"
      },
      "mono": {
        "value": "'JetBrains Mono', 'Fira Code', monospace",
        "description": "Monospace for code"
      },
      "display": {
        "value": "'Playfair Display', Georgia, serif",
        "description": "Display/heading font"
      }
    },
    
    "fontSize": {
      "xs": { "value": "0.75rem", "description": "12px" },
      "sm": { "value": "0.875rem", "description": "14px" },
      "base": { "value": "1rem", "description": "16px" },
      "lg": { "value": "1.125rem", "description": "18px" },
      "xl": { "value": "1.25rem", "description": "20px" },
      "2xl": { "value": "1.5rem", "description": "24px" },
      "3xl": { "value": "1.875rem", "description": "30px" },
      "4xl": { "value": "2.25rem", "description": "36px" },
      "5xl": { "value": "3rem", "description": "48px" }
    },
    
    "fontWeight": {
      "light": { "value": "300" },
      "normal": { "value": "400" },
      "medium": { "value": "500" },
      "semibold": { "value": "600" },
      "bold": { "value": "700" }
    },
    
    "lineHeight": {
      "tight": { "value": "1.25" },
      "normal": { "value": "1.5" },
      "relaxed": { "value": "1.75" },
      "loose": { "value": "2" }
    },
    
    "letterSpacing": {
      "tight": { "value": "-0.025em" },
      "normal": { "value": "0" },
      "wide": { "value": "0.025em" },
      "wider": { "value": "0.05em" }
    }
  },
  
  "spacing": {
    "0": { "value": "0" },
    "1": { "value": "0.25rem", "description": "4px" },
    "2": { "value": "0.5rem", "description": "8px" },
    "3": { "value": "0.75rem", "description": "12px" },
    "4": { "value": "1rem", "description": "16px" },
    "5": { "value": "1.25rem", "description": "20px" },
    "6": { "value": "1.5rem", "description": "24px" },
    "8": { "value": "2rem", "description": "32px" },
    "10": { "value": "2.5rem", "description": "40px" },
    "12": { "value": "3rem", "description": "48px" },
    "16": { "value": "4rem", "description": "64px" },
    "20": { "value": "5rem", "description": "80px" },
    "24": { "value": "6rem", "description": "96px" }
  },
  
  "borderRadius": {
    "none": { "value": "0" },
    "sm": { "value": "0.125rem", "description": "2px" },
    "base": { "value": "0.25rem", "description": "4px" },
    "md": { "value": "0.375rem", "description": "6px" },
    "lg": { "value": "0.5rem", "description": "8px" },
    "xl": { "value": "0.75rem", "description": "12px" },
    "2xl": { "value": "1rem", "description": "16px" },
    "full": { "value": "9999px" }
  },
  
  "shadow": {
    "none": { "value": "none" },
    "sm": { "value": "0 1px 2px 0 rgba(0, 0, 0, 0.05)" },
    "base": { "value": "0 1px 3px 0 rgba(0, 0, 0, 0.1), 0 1px 2px 0 rgba(0, 0, 0, 0.06)" },
    "md": { "value": "0 4px 6px -1px rgba(0, 0, 0, 0.1), 0 2px 4px -1px rgba(0, 0, 0, 0.06)" },
    "lg": { "value": "0 10px 15px -3px rgba(0, 0, 0, 0.1), 0 4px 6px -2px rgba(0, 0, 0, 0.05)" },
    "xl": { "value": "0 20px 25px -5px rgba(0, 0, 0, 0.1), 0 10px 10px -5px rgba(0, 0, 0, 0.04)" },
    "glow": { "value": "0 0 20px rgba(216, 178, 106, 0.3)", "description": "Nova glow effect" },
    "sphere": { "value": "0 0 40px rgba(0, 0, 0, 0.2)", "description": "Sphere hover effect" }
  },
  
  "animation": {
    "duration": {
      "instant": { "value": "0ms" },
      "fast": { "value": "150ms" },
      "normal": { "value": "300ms" },
      "slow": { "value": "500ms" },
      "slower": { "value": "700ms" },
      "transition": { "value": "1000ms" }
    },
    
    "easing": {
      "linear": { "value": "linear" },
      "ease": { "value": "ease" },
      "easeIn": { "value": "cubic-bezier(0.4, 0, 1, 1)" },
      "easeOut": { "value": "cubic-bezier(0, 0, 0.2, 1)" },
      "easeInOut": { "value": "cubic-bezier(0.4, 0, 0.2, 1)" },
      "bounce": { "value": "cubic-bezier(0.68, -0.55, 0.265, 1.55)" }
    }
  },
  
  "breakpoint": {
    "mobile": { "value": "320px" },
    "tablet": { "value": "768px" },
    "desktop": { "value": "1024px" },
    "wide": { "value": "1280px" },
    "ultrawide": { "value": "1536px" }
  },
  
  "zIndex": {
    "hide": { "value": "-1" },
    "base": { "value": "0" },
    "dropdown": { "value": "1000" },
    "sticky": { "value": "1020" },
    "fixed": { "value": "1030" },
    "modalBackdrop": { "value": "1040" },
    "modal": { "value": "1050" },
    "popover": { "value": "1060" },
    "tooltip": { "value": "1070" },
    "nova": { "value": "1080" },
    "notification": { "value": "1090" }
  },
  
  "themes": {
    "light": {
      "name": "Light",
      "description": "Default light theme",
      "colors": {
        "background": "#FFFFFF",
        "backgroundSecondary": "#F5F5F5",
        "surface": "#FFFFFF",
        "text": "#1E1F22",
        "textSecondary": "#616161",
        "border": "#E0E0E0",
        "accent": "#D8B26A"
      }
    },
    
    "dark": {
      "name": "Dark",
      "description": "Dark theme",
      "colors": {
        "background": "#1E1F22",
        "backgroundSecondary": "#2A2B2F",
        "surface": "#2A2B2F",
        "text": "#E9E4D6",
        "textSecondary": "#9E9E9E",
        "border": "#424242",
        "accent": "#D8B26A"
      }
    },
    
    "maya": {
      "name": "Maya",
      "description": "Inspired by ancient Mayan aesthetics",
      "colors": {
        "background": "#1A1F16",
        "backgroundSecondary": "#2F4C39",
        "surface": "#2F4C39",
        "text": "#E9E4D6",
        "textSecondary": "#8D8371",
        "border": "#3F7249",
        "accent": "#D8B26A"
      }
    },
    
    "corporate": {
      "name": "Corporate",
      "description": "Professional business theme",
      "colors": {
        "background": "#F7FAFC",
        "backgroundSecondary": "#EDF2F7",
        "surface": "#FFFFFF",
        "text": "#1A202C",
        "textSecondary": "#4A5568",
        "border": "#E2E8F0",
        "accent": "#2C5282"
      }
    }
  },
  
  "components": {
    "button": {
      "borderRadius": "{borderRadius.lg}",
      "paddingX": "{spacing.4}",
      "paddingY": "{spacing.2}",
      "fontSize": "{typography.fontSize.base}",
      "fontWeight": "{typography.fontWeight.medium}"
    },
    
    "input": {
      "borderRadius": "{borderRadius.md}",
      "padding": "{spacing.3}",
      "fontSize": "{typography.fontSize.base}",
      "borderWidth": "1px"
    },
    
    "card": {
      "borderRadius": "{borderRadius.xl}",
      "padding": "{spacing.6}",
      "shadow": "{shadow.md}"
    },
    
    "modal": {
      "borderRadius": "{borderRadius.2xl}",
      "padding": "{spacing.6}",
      "shadow": "{shadow.xl}",
      "backdropOpacity": "0.5"
    },
    
    "tooltip": {
      "borderRadius": "{borderRadius.md}",
      "padding": "{spacing.2}",
      "fontSize": "{typography.fontSize.sm}",
      "shadow": "{shadow.lg}"
    },
    
    "badge": {
      "borderRadius": "{borderRadius.full}",
      "paddingX": "{spacing.2}",
      "paddingY": "{spacing.1}",
      "fontSize": "{typography.fontSize.xs}",
      "fontWeight": "{typography.fontWeight.semibold}"
    },
    
    "sphereNav": {
      "size": "56px",
      "sizeActive": "64px",
      "gap": "{spacing.3}",
      "shadow": "{shadow.sphere}"
    },
    
    "bureauSection": {
      "minHeight": "200px",
      "padding": "{spacing.4}",
      "headerHeight": "48px"
    },
    
    "novaPanel": {
      "width": "320px",
      "maxHeight": "80vh",
      "borderRadius": "{borderRadius.2xl}",
      "shadow": "{shadow.glow}"
    }
  }
}
