{
  "main": {
    "id": "78ee56935ca8dffe",
    "type": "split",
    "children": [
      {
        "id": "c8bd3a2d74a63fab",
        "type": "tabs",
        "children": [
          {
            "id": "7b92a104d203b34a",
            "type": "leaf",
            "state": {
              "type": "markdown",
              "state": {
                "file": "00_PROTOCOLES/Alignement_Zero_Point.md",
                "mode": "source",
                "source": false
              },
              "icon": "lucide-file",
              "title": "Alignement_Zero_Point"
            }
          }
        ]
      }
    ],
    "direction": "vertical"
  },
  "left": {
    "id": "b622a9bfa5e711bc",
    "type": "split",
    "children": [
      {
        "id": "871ea40b95065273",
        "type": "tabs",
        "children": [
          {
            "id": "142bb6f48fec02c6",
            "type": "leaf",
            "state": {
              "type": "file-explorer",
              "state": {
                "sortOrder": "alphabetical",
                "autoReveal": false
              },
              "icon": "lucide-folder-closed",
              "title": "Files"
            }
          },
          {
            "id": "028bc80b12199f04",
            "type": "leaf",
            "state": {
              "type": "search",
              "state": {
                "query": "",
                "matchingCase": false,
                "explainSearch": false,
                "collapseAll": false,
                "extraContext": false,
                "sortOrder": "alphabetical"
              },
              "icon": "lucide-search",
              "title": "Search"
            }
          },
          {
            "id": "fb931a4dfcceaded",
            "type": "leaf",
            "state": {
              "type": "bookmarks",
              "state": {},
              "icon": "lucide-bookmark",
              "title": "Bookmarks"
            }
          }
        ]
      }
    ],
    "direction": "horizontal",
    "width": 300
  },
  "right": {
    "id": "fe397738296ddd6d",
    "type": "split",
    "children": [
      {
        "id": "d97de98bbdfb5bea",
        "type": "tabs",
        "children": [
          {
            "id": "70bd77d350cf1c65",
            "type": "leaf",
            "state": {
              "type": "backlink",
              "state": {
                "file": "00_PROTOCOLES/Alignement_Zero_Point.md",
                "collapseAll": false,
                "extraContext": false,
                "sortOrder": "alphabetical",
                "showSearch": false,
                "searchQuery": "",
                "backlinkCollapsed": false,
                "unlinkedCollapsed": true
              },
              "icon": "links-coming-in",
              "title": "Backlinks for Alignement_Zero_Point"
            }
          },
          {
            "id": "4753f7603d616d2b",
            "type": "leaf",
            "state": {
              "type": "outgoing-link",
              "state": {
                "file": "00_PROTOCOLES/Alignement_Zero_Point.md",
                "linksCollapsed": false,
                "unlinkedCollapsed": true
              },
              "icon": "links-going-out",
              "title": "Outgoing links from Alignement_Zero_Point"
            }
          },
          {
            "id": "7830ba3557106f59",
            "type": "leaf",
            "state": {
              "type": "tag",
              "state": {
                "sortOrder": "frequency",
                "useHierarchy": true,
                "showSearch": false,
                "searchQuery": ""
              },
              "icon": "lucide-tags",
              "title": "Tags"
            }
          },
          {
            "id": "ce7d2239deee0425",
            "type": "leaf",
            "state": {
              "type": "all-properties",
              "state": {
                "sortOrder": "frequency",
                "showSearch": false,
                "searchQuery": ""
              },
              "icon": "lucide-archive",
              "title": "All properties"
            }
          },
          {
            "id": "6eeb714f2702507a",
            "type": "leaf",
            "state": {
              "type": "outline",
              "state": {
                "file": "00_PROTOCOLES/Alignement_Zero_Point.md",
                "followCursor": false,
                "showSearch": false,
                "searchQuery": ""
              },
              "icon": "lucide-list",
              "title": "Outline of Alignement_Zero_Point"
            }
          }
        ]
      }
    ],
    "direction": "horizontal",
    "width": 300,
    "collapsed": true
  },
  "left-ribbon": {
    "hiddenItems": {
      "switcher:Open quick switcher": false,
      "graph:Open graph view": false,
      "canvas:Create new canvas": false,
      "daily-notes:Open today's daily note": false,
      "templates:Insert template": false,
      "command-palette:Open command palette": false,
      "bases:Create new base": false
    }
  },
  "active": "7b92a104d203b34a",
  "lastOpenFiles": [
    "03_ARCHIVES_TRANSMISSION/README.md",
    "03_ARCHIVES_TRANSMISSION",
    "02_INSTRUMENTS/Antenne_de_Lecher.md",
    "02_INSTRUMENTS/Bols_de_Cristal.md",
    "02_INSTRUMENTS",
    "ATOM_WHITE_PAPER_v1.md",
    "01_LES_12_AGENTS/Agent_999Hz.md",
    "01_LES_12_AGENTS/Agent_963Hz.md",
    "01_LES_12_AGENTS/Agent_852Hz.md",
    "01_LES_12_AGENTS/Agent_741Hz.md",
    "01_LES_12_AGENTS/Agent_639Hz.md",
    "01_LES_12_AGENTS/Agent_528Hz.md",
    "01_LES_12_AGENTS/Agent_444Hz.md",
    "01_LES_12_AGENTS/Agent_432Hz.md",
    "01_LES_12_AGENTS/Agent_417Hz.md",
    "01_LES_12_AGENTS/Agent_396Hz.md",
    "01_LES_12_AGENTS/Agent_285Hz.md",
    "01_LES_12_AGENTS/Agent_174Hz.md",
    "01_LES_12_AGENTS",
    "00_PROTOCOLES/Alignement_Zero_Point.md",
    "00_PROTOCOLES",
    "_TEMPLATES/Template_Note_Frequence.md",
    "_TEMPLATES",
    "ATOM_WHITE_PAPER_MYTHIC_v1.md",
    "Welcome.md"
  ]
}