{
  "enterprise_id": "CHE_NU_ENTERPRISE_INDEX_DEMO",
  "schema_version": "chenu-v50",
  "label": "DEMO",
  "generated_at": "2025-01-18T12:00:00Z",
  "source_datasets": [
    { "dataset_id": "CHE_NU_COMPANY_INTERNAL", "dataset_version": "1.3.0", "path": "datasets/CHE_NU_COMPANY_INTERNAL.md" },
    { "dataset_id": "PUBLIC_TRUST_AND_GOVERNANCE", "dataset_version": "1.2.0", "path": "datasets/PUBLIC_TRUST_AND_GOVERNANCE.md" },
    { "dataset_id": "INVESTOR_NARRATIVE", "dataset_version": "1.1.0", "path": "datasets/INVESTOR_NARRATIVE.md" },
    { "dataset_id": "VERTICAL_INDUSTRY_CONSTRUCTION", "dataset_version": "1.0.2", "path": "datasets/VERTICAL_INDUSTRY_CONSTRUCTION.md" },
    { "dataset_id": "VERTICAL_INDUSTRY_CREATIVE", "dataset_version": "1.0.1", "path": "datasets/VERTICAL_INDUSTRY_CREATIVE.md" }
  ],
  "dataset_index": [
    { "dataset_id": "CHE_NU_COMPANY_INTERNAL", "dataset_version": "1.3.0", "unit_count": 120, "decision_count": 14, "archive_count": 9, "last_updated": "2025-01-18T11:55:00Z" },
    { "dataset_id": "PUBLIC_TRUST_AND_GOVERNANCE", "dataset_version": "1.2.0", "unit_count": 90, "decision_count": 10, "archive_count": 7, "last_updated": "2025-01-18T11:40:00Z" },
    { "dataset_id": "INVESTOR_NARRATIVE", "dataset_version": "1.1.0", "unit_count": 60, "decision_count": 8, "archive_count": 5, "last_updated": "2025-01-18T11:20:00Z" },
    { "dataset_id": "VERTICAL_INDUSTRY_CONSTRUCTION", "dataset_version": "1.0.2", "unit_count": 55, "decision_count": 6, "archive_count": 4, "last_updated": "2025-01-18T10:50:00Z" },
    { "dataset_id": "VERTICAL_INDUSTRY_CREATIVE", "dataset_version": "1.0.1", "unit_count": 35, "decision_count": 4, "archive_count": 3, "last_updated": "2025-01-18T10:35:00Z" }
  ],
  "global_memory_map": [
    {
      "global_id": "CHE_NU_COMPANY_INTERNAL::COMP-OPS-014",
      "dataset_id": "CHE_NU_COMPANY_INTERNAL",
      "memory_id": "COMP-OPS-014",
      "category": "internal_process",
      "sphere": "operations",
      "tags": ["process", "ops", "finance"],
      "relations": [
        { "target_global_id": "PUBLIC_TRUST_AND_GOVERNANCE::GOV-LAW-003", "relation_type": "references" },
        { "target_global_id": "INVESTOR_NARRATIVE::INV-RISK-002", "relation_type": "informs" }
      ]
    },
    {
      "global_id": "PUBLIC_TRUST_AND_GOVERNANCE::GOV-LAW-003",
      "dataset_id": "PUBLIC_TRUST_AND_GOVERNANCE",
      "memory_id": "GOV-LAW-003",
      "category": "law",
      "sphere": "governance",
      "tags": ["law", "audit", "core"],
      "relations": [
        { "target_global_id": "CHE_NU_COMPANY_INTERNAL::COMP-AUD-001", "relation_type": "enforced_by" }
      ]
    },
    {
      "global_id": "CHE_NU_COMPANY_INTERNAL::COMP-AUD-001",
      "dataset_id": "CHE_NU_COMPANY_INTERNAL",
      "memory_id": "COMP-AUD-001",
      "category": "internal_policy",
      "sphere": "governance",
      "tags": ["audit", "incident", "trace"],
      "relations": [
        { "target_global_id": "PUBLIC_TRUST_AND_GOVERNANCE::GOV-CHK-010", "relation_type": "aligns_with" }
      ]
    },
    {
      "global_id": "PUBLIC_TRUST_AND_GOVERNANCE::GOV-CHK-010",
      "dataset_id": "PUBLIC_TRUST_AND_GOVERNANCE",
      "memory_id": "GOV-CHK-010",
      "category": "audit_checklist",
      "sphere": "governance",
      "tags": ["checklist", "public", "trust"],
      "relations": []
    },
    {
      "global_id": "INVESTOR_NARRATIVE::INV-RISK-002",
      "dataset_id": "INVESTOR_NARRATIVE",
      "memory_id": "INV-RISK-002",
      "category": "risk_mitigation",
      "sphere": "strategy",
      "tags": ["risk", "mitigation", "governance"],
      "relations": [
        { "target_global_id": "PUBLIC_TRUST_AND_GOVERNANCE::GOV-LAW-001", "relation_type": "depends_on" }
      ]
    },
    {
      "global_id": "PUBLIC_TRUST_AND_GOVERNANCE::GOV-LAW-001",
      "dataset_id": "PUBLIC_TRUST_AND_GOVERNANCE",
      "memory_id": "GOV-LAW-001",
      "category": "law",
      "sphere": "governance",
      "tags": ["law", "proposal_only", "human_validation"],
      "relations": []
    },
    {
      "global_id": "VERTICAL_INDUSTRY_CONSTRUCTION::CONS-USE-003",
      "dataset_id": "VERTICAL_INDUSTRY_CONSTRUCTION",
      "memory_id": "CONS-USE-003",
      "category": "use_case",
      "sphere": "construction",
      "tags": ["workflow", "procurement", "compliance"],
      "relations": [
        { "target_global_id": "CHE_NU_COMPANY_INTERNAL::COMP-OPS-014", "relation_type": "references" }
      ]
    },
    {
      "global_id": "VERTICAL_INDUSTRY_CREATIVE::CREA-USE-002",
      "dataset_id": "VERTICAL_INDUSTRY_CREATIVE",
      "memory_id": "CREA-USE-002",
      "category": "use_case",
      "sphere": "creative",
      "tags": ["studio", "assets", "review"],
      "relations": [
        { "target_global_id": "PUBLIC_TRUST_AND_GOVERNANCE::GOV-LAW-001", "relation_type": "aligns_with" }
      ]
    }
  ],
  "cross_dataset_relations": [
    { "source_global_id": "CHE_NU_COMPANY_INTERNAL::COMP-OPS-014", "target_global_id": "PUBLIC_TRUST_AND_GOVERNANCE::GOV-LAW-003", "relation_type": "references" },
    { "source_global_id": "CHE_NU_COMPANY_INTERNAL::COMP-OPS-014", "target_global_id": "INVESTOR_NARRATIVE::INV-RISK-002", "relation_type": "informs" },
    { "source_global_id": "PUBLIC_TRUST_AND_GOVERNANCE::GOV-LAW-003", "target_global_id": "CHE_NU_COMPANY_INTERNAL::COMP-AUD-001", "relation_type": "enforced_by" },
    { "source_global_id": "CHE_NU_COMPANY_INTERNAL::COMP-AUD-001", "target_global_id": "PUBLIC_TRUST_AND_GOVERNANCE::GOV-CHK-010", "relation_type": "aligns_with" },
    { "source_global_id": "VERTICAL_INDUSTRY_CONSTRUCTION::CONS-USE-003", "target_global_id": "CHE_NU_COMPANY_INTERNAL::COMP-OPS-014", "relation_type": "references" },
    { "source_global_id": "VERTICAL_INDUSTRY_CREATIVE::CREA-USE-002", "target_global_id": "PUBLIC_TRUST_AND_GOVERNANCE::GOV-LAW-001", "relation_type": "aligns_with" }
  ],
  "enterprise_stats": {
    "total_datasets": 5,
    "total_memory_units": 360,
    "total_decisions": 42,
    "total_archives": 28,
    "cross_dataset_relations": 6
  }
}
