{
  "system_heartbeat": 444,
  "tuning_standard": "A=444Hz",
  "version": "1.0.0",
  "created": "2025-01-08",
  "description": "Source de vérité absolue pour le système AT-OM. Ce fichier est la moelle épinière de toutes les opérations vibratoires.",
  
  "resonance_matrix": [
    {
      "level": 1,
      "label": "Impulsion",
      "label_en": "Impulse",
      "hz": 111,
      "color": "#FF0000",
      "ratio": 0.25,
      "delay_ms": 900,
      "density": "maximum",
      "element": "Feu Primordial",
      "chakra": "Racine",
      "description": "L'étincelle initiale. Lourd, puissant, fondateur."
    },
    {
      "level": 2,
      "label": "Dualité",
      "label_en": "Duality",
      "hz": 222,
      "color": "#FF7F00",
      "ratio": 0.50,
      "delay_ms": 800,
      "density": "high",
      "element": "Eau",
      "chakra": "Sacré",
      "description": "La polarité. Yin/Yang, jour/nuit, création/destruction."
    },
    {
      "level": 3,
      "label": "Mental",
      "label_en": "Mind",
      "hz": 333,
      "color": "#FFFF00",
      "ratio": 0.75,
      "delay_ms": 700,
      "density": "medium_high",
      "element": "Feu Solaire",
      "chakra": "Plexus Solaire",
      "description": "La trinité. Pensée, parole, action."
    },
    {
      "level": 4,
      "label": "Structure",
      "label_en": "Structure",
      "hz": 444,
      "color": "#50C878",
      "ratio": 1.00,
      "delay_ms": 600,
      "density": "balanced",
      "element": "Air / Cœur",
      "chakra": "Cœur",
      "is_anchor": true,
      "description": "L'ANCRE. Point d'équilibre parfait. Référence absolue."
    },
    {
      "level": 5,
      "label": "Mouvement",
      "label_en": "Movement",
      "hz": 555,
      "color": "#87CEEB",
      "ratio": 1.25,
      "delay_ms": 500,
      "density": "medium_low",
      "element": "Éther",
      "chakra": "Gorge",
      "description": "Le changement. Transformation, évolution, flux."
    },
    {
      "level": 6,
      "label": "Harmonie",
      "label_en": "Harmony",
      "hz": 666,
      "color": "#4B0082",
      "ratio": 1.50,
      "delay_ms": 400,
      "density": "low",
      "element": "Lumière",
      "chakra": "Troisième Œil",
      "description": "L'équilibre cosmique. Beauté, proportion, résonance."
    },
    {
      "level": 7,
      "label": "Silence",
      "label_en": "Silence",
      "hz": 777,
      "color": "#EE82EE",
      "ratio": 1.75,
      "delay_ms": 300,
      "density": "minimal",
      "element": "Vide",
      "chakra": "Couronne",
      "description": "Le mystère. Espace entre les notes, pause sacrée."
    },
    {
      "level": 8,
      "label": "Infini",
      "label_en": "Infinity",
      "hz": 888,
      "color": "#FFC0CB",
      "ratio": 2.00,
      "delay_ms": 200,
      "density": "ethereal",
      "element": "Amour",
      "chakra": "Âme",
      "description": "Le miroir. Réflexion infinie, boucle éternelle."
    },
    {
      "level": 9,
      "label": "Unité",
      "label_en": "Unity",
      "hz": 999,
      "color": "#FFFDD0",
      "ratio": 2.25,
      "delay_ms": 100,
      "density": "transcendent",
      "element": "Source",
      "chakra": "Étoile",
      "description": "L'achèvement. Illumination instantanée, retour à l'Un."
    }
  ],
  
  "master_numbers": [
    {
      "level": 11,
      "label": "Maître Illuminateur",
      "hz": 1111,
      "color": "#FFFFFF",
      "ratio": 2.50,
      "delay_ms": 50,
      "is_master": true
    },
    {
      "level": 22,
      "label": "Maître Bâtisseur",
      "hz": 2222,
      "color": "#FFD700",
      "ratio": 5.00,
      "delay_ms": 25,
      "is_master": true
    },
    {
      "level": 33,
      "label": "Maître Enseignant",
      "hz": 3333,
      "color": "#E6E6FA",
      "ratio": 7.50,
      "delay_ms": 10,
      "is_master": true
    }
  ],
  
  "formulas": {
    "hz_from_level": "level * 111",
    "ratio_from_hz": "hz / 444",
    "delay_from_level": "1000 - (level * 100)",
    "rotation_speed": "ratio * base_rpm",
    "pulse_interval": "1000 / (hz / 100)"
  },
  
  "animation_config": {
    "base_rpm": 60,
    "mandala_ease": "cubic-bezier(0.25, 0.1, 0.25, 1)",
    "glyph_ease": "ease-out",
    "transition_unit": "ms"
  },
  
  "audio_config": {
    "waveform": "sine",
    "attack_ms": 50,
    "decay_ms": 100,
    "sustain": 0.7,
    "release_ms": 200
  }
}
