{
  "annotations": {
    "list": [
      {
        "builtIn": 1,
        "datasource": "-- Grafana --",
        "enable": true,
        "hide": true,
        "iconColor": "rgba(0, 211, 255, 1)",
        "name": "Annotations & Alerts",
        "type": "dashboard"
      }
    ]
  },
  "description": "CHE·NU Governed Intelligence Operating System - Main Dashboard",
  "editable": true,
  "gnetId": null,
  "graphTooltip": 1,
  "id": null,
  "links": [],
  "panels": [
    {
      "collapsed": false,
      "gridPos": { "h": 1, "w": 24, "x": 0, "y": 0 },
      "id": 100,
      "panels": [],
      "title": "🎯 System Health Overview",
      "type": "row"
    },
    {
      "datasource": "Prometheus",
      "fieldConfig": {
        "defaults": {
          "color": { "mode": "thresholds" },
          "mappings": [],
          "max": 100,
          "min": 0,
          "thresholds": {
            "mode": "absolute",
            "steps": [
              { "color": "red", "value": null },
              { "color": "yellow", "value": 50 },
              { "color": "green", "value": 80 }
            ]
          },
          "unit": "percent"
        }
      },
      "gridPos": { "h": 6, "w": 4, "x": 0, "y": 1 },
      "id": 1,
      "options": {
        "orientation": "auto",
        "reduceOptions": { "calcs": ["lastNotNull"], "fields": "", "values": false },
        "showThresholdLabels": false,
        "showThresholdMarkers": true
      },
      "pluginVersion": "9.0.0",
      "targets": [
        {
          "expr": "chenu_health_score",
          "legendFormat": "Health Score",
          "refId": "A"
        }
      ],
      "title": "Health Score",
      "type": "gauge"
    },
    {
      "datasource": "Prometheus",
      "fieldConfig": {
        "defaults": {
          "color": { "mode": "palette-classic" },
          "mappings": [],
          "thresholds": { "mode": "absolute", "steps": [{ "color": "green", "value": null }] },
          "unit": "reqps"
        }
      },
      "gridPos": { "h": 6, "w": 4, "x": 4, "y": 1 },
      "id": 2,
      "options": {
        "colorMode": "value",
        "graphMode": "area",
        "justifyMode": "auto",
        "orientation": "auto",
        "reduceOptions": { "calcs": ["lastNotNull"], "fields": "", "values": false },
        "textMode": "auto"
      },
      "targets": [
        {
          "expr": "sum(rate(http_requests_total[1m]))",
          "legendFormat": "Requests/s",
          "refId": "A"
        }
      ],
      "title": "Request Rate",
      "type": "stat"
    },
    {
      "datasource": "Prometheus",
      "fieldConfig": {
        "defaults": {
          "color": { "mode": "thresholds" },
          "mappings": [],
          "thresholds": {
            "mode": "absolute",
            "steps": [
              { "color": "green", "value": null },
              { "color": "yellow", "value": 1 },
              { "color": "red", "value": 5 }
            ]
          },
          "unit": "percent"
        }
      },
      "gridPos": { "h": 6, "w": 4, "x": 8, "y": 1 },
      "id": 3,
      "options": {
        "colorMode": "value",
        "graphMode": "area",
        "justifyMode": "auto",
        "orientation": "auto",
        "reduceOptions": { "calcs": ["lastNotNull"], "fields": "", "values": false },
        "textMode": "auto"
      },
      "targets": [
        {
          "expr": "sum(rate(http_requests_total{status=~\"5..\"}[5m])) / sum(rate(http_requests_total[5m])) * 100",
          "legendFormat": "Error Rate",
          "refId": "A"
        }
      ],
      "title": "Error Rate",
      "type": "stat"
    },
    {
      "datasource": "Prometheus",
      "fieldConfig": {
        "defaults": {
          "color": { "mode": "thresholds" },
          "mappings": [],
          "thresholds": {
            "mode": "absolute",
            "steps": [
              { "color": "green", "value": null },
              { "color": "yellow", "value": 200 },
              { "color": "red", "value": 500 }
            ]
          },
          "unit": "ms"
        }
      },
      "gridPos": { "h": 6, "w": 4, "x": 12, "y": 1 },
      "id": 4,
      "options": {
        "colorMode": "value",
        "graphMode": "area",
        "justifyMode": "auto",
        "orientation": "auto",
        "reduceOptions": { "calcs": ["lastNotNull"], "fields": "", "values": false },
        "textMode": "auto"
      },
      "targets": [
        {
          "expr": "histogram_quantile(0.95, rate(http_request_duration_seconds_bucket[5m])) * 1000",
          "legendFormat": "P95 Latency",
          "refId": "A"
        }
      ],
      "title": "P95 Latency",
      "type": "stat"
    },
    {
      "datasource": "Prometheus",
      "fieldConfig": {
        "defaults": {
          "color": { "mode": "palette-classic" },
          "mappings": [],
          "thresholds": { "mode": "absolute", "steps": [{ "color": "green", "value": null }] },
          "unit": "short"
        }
      },
      "gridPos": { "h": 6, "w": 4, "x": 16, "y": 1 },
      "id": 5,
      "options": {
        "colorMode": "value",
        "graphMode": "none",
        "justifyMode": "auto",
        "orientation": "auto",
        "reduceOptions": { "calcs": ["lastNotNull"], "fields": "", "values": false },
        "textMode": "auto"
      },
      "targets": [
        {
          "expr": "chenu_active_connections",
          "legendFormat": "Connections",
          "refId": "A"
        }
      ],
      "title": "Active Connections",
      "type": "stat"
    },
    {
      "datasource": "Prometheus",
      "fieldConfig": {
        "defaults": {
          "color": { "mode": "thresholds" },
          "mappings": [],
          "thresholds": {
            "mode": "absolute",
            "steps": [
              { "color": "green", "value": null },
              { "color": "yellow", "value": 70 },
              { "color": "red", "value": 90 }
            ]
          },
          "unit": "percent"
        }
      },
      "gridPos": { "h": 6, "w": 4, "x": 20, "y": 1 },
      "id": 6,
      "options": {
        "colorMode": "value",
        "graphMode": "area",
        "justifyMode": "auto",
        "orientation": "auto",
        "reduceOptions": { "calcs": ["lastNotNull"], "fields": "", "values": false },
        "textMode": "auto"
      },
      "targets": [
        {
          "expr": "redis_keyspace_hits_total / (redis_keyspace_hits_total + redis_keyspace_misses_total) * 100",
          "legendFormat": "Cache Hit Rate",
          "refId": "A"
        }
      ],
      "title": "Cache Hit Rate",
      "type": "stat"
    },
    {
      "collapsed": false,
      "gridPos": { "h": 1, "w": 24, "x": 0, "y": 7 },
      "id": 101,
      "panels": [],
      "title": "📊 API Performance",
      "type": "row"
    },
    {
      "datasource": "Prometheus",
      "fieldConfig": {
        "defaults": {
          "color": { "mode": "palette-classic" },
          "custom": {
            "axisLabel": "",
            "axisPlacement": "auto",
            "barAlignment": 0,
            "drawStyle": "line",
            "fillOpacity": 20,
            "gradientMode": "none",
            "hideFrom": { "legend": false, "tooltip": false, "viz": false },
            "lineInterpolation": "smooth",
            "lineWidth": 2,
            "pointSize": 5,
            "scaleDistribution": { "type": "linear" },
            "showPoints": "never",
            "spanNulls": false,
            "stacking": { "group": "A", "mode": "none" },
            "thresholdsStyle": { "mode": "off" }
          },
          "mappings": [],
          "thresholds": { "mode": "absolute", "steps": [{ "color": "green", "value": null }] },
          "unit": "reqps"
        }
      },
      "gridPos": { "h": 8, "w": 12, "x": 0, "y": 8 },
      "id": 10,
      "options": {
        "legend": { "calcs": ["mean", "max"], "displayMode": "table", "placement": "bottom" },
        "tooltip": { "mode": "multi" }
      },
      "targets": [
        {
          "expr": "sum(rate(http_requests_total[1m])) by (handler)",
          "legendFormat": "{{ handler }}",
          "refId": "A"
        }
      ],
      "title": "Request Rate by Endpoint",
      "type": "timeseries"
    },
    {
      "datasource": "Prometheus",
      "fieldConfig": {
        "defaults": {
          "color": { "mode": "palette-classic" },
          "custom": {
            "axisLabel": "",
            "axisPlacement": "auto",
            "drawStyle": "line",
            "fillOpacity": 20,
            "gradientMode": "none",
            "lineInterpolation": "smooth",
            "lineWidth": 2,
            "pointSize": 5,
            "showPoints": "never",
            "spanNulls": false,
            "stacking": { "group": "A", "mode": "none" },
            "thresholdsStyle": { "mode": "line" }
          },
          "mappings": [],
          "thresholds": {
            "mode": "absolute",
            "steps": [
              { "color": "green", "value": null },
              { "color": "yellow", "value": 200 },
              { "color": "red", "value": 500 }
            ]
          },
          "unit": "ms"
        }
      },
      "gridPos": { "h": 8, "w": 12, "x": 12, "y": 8 },
      "id": 11,
      "options": {
        "legend": { "calcs": ["mean", "max"], "displayMode": "table", "placement": "bottom" },
        "tooltip": { "mode": "multi" }
      },
      "targets": [
        {
          "expr": "histogram_quantile(0.50, rate(http_request_duration_seconds_bucket[5m])) * 1000",
          "legendFormat": "P50",
          "refId": "A"
        },
        {
          "expr": "histogram_quantile(0.90, rate(http_request_duration_seconds_bucket[5m])) * 1000",
          "legendFormat": "P90",
          "refId": "B"
        },
        {
          "expr": "histogram_quantile(0.99, rate(http_request_duration_seconds_bucket[5m])) * 1000",
          "legendFormat": "P99",
          "refId": "C"
        }
      ],
      "title": "Response Time Percentiles",
      "type": "timeseries"
    },
    {
      "collapsed": false,
      "gridPos": { "h": 1, "w": 24, "x": 0, "y": 16 },
      "id": 102,
      "panels": [],
      "title": "🤖 Agents & Nova Pipeline",
      "type": "row"
    },
    {
      "datasource": "Prometheus",
      "fieldConfig": {
        "defaults": {
          "color": { "mode": "palette-classic" },
          "custom": {
            "axisLabel": "",
            "axisPlacement": "auto",
            "drawStyle": "bars",
            "fillOpacity": 80,
            "gradientMode": "none",
            "lineWidth": 0,
            "pointSize": 5,
            "showPoints": "never"
          },
          "mappings": [],
          "thresholds": { "mode": "absolute", "steps": [{ "color": "green", "value": null }] },
          "unit": "short"
        }
      },
      "gridPos": { "h": 8, "w": 8, "x": 0, "y": 17 },
      "id": 20,
      "options": {
        "legend": { "calcs": ["sum"], "displayMode": "table", "placement": "bottom" },
        "tooltip": { "mode": "multi" }
      },
      "targets": [
        {
          "expr": "sum(rate(chenu_agent_execution_total[5m])) by (sphere)",
          "legendFormat": "{{ sphere }}",
          "refId": "A"
        }
      ],
      "title": "Agent Executions by Sphere",
      "type": "timeseries"
    },
    {
      "datasource": "Prometheus",
      "fieldConfig": {
        "defaults": {
          "color": { "mode": "palette-classic" },
          "custom": {
            "axisLabel": "",
            "axisPlacement": "auto",
            "drawStyle": "line",
            "fillOpacity": 20,
            "lineInterpolation": "smooth",
            "lineWidth": 2,
            "pointSize": 5,
            "showPoints": "never"
          },
          "mappings": [],
          "thresholds": { "mode": "absolute", "steps": [{ "color": "green", "value": null }] },
          "unit": "short"
        }
      },
      "gridPos": { "h": 8, "w": 8, "x": 8, "y": 17 },
      "id": 21,
      "options": {
        "legend": { "calcs": ["sum"], "displayMode": "table", "placement": "bottom" },
        "tooltip": { "mode": "multi" }
      },
      "targets": [
        {
          "expr": "sum(rate(chenu_nova_pipeline_total[5m])) by (lane)",
          "legendFormat": "{{ lane }}",
          "refId": "A"
        }
      ],
      "title": "Nova Pipeline by Lane",
      "type": "timeseries"
    },
    {
      "datasource": "Prometheus",
      "fieldConfig": {
        "defaults": {
          "color": { "mode": "thresholds" },
          "mappings": [],
          "thresholds": {
            "mode": "absolute",
            "steps": [
              { "color": "green", "value": null },
              { "color": "yellow", "value": 1000 },
              { "color": "red", "value": 5000 }
            ]
          },
          "unit": "short"
        }
      },
      "gridPos": { "h": 8, "w": 8, "x": 16, "y": 17 },
      "id": 22,
      "options": {
        "colorMode": "value",
        "graphMode": "area",
        "justifyMode": "auto",
        "orientation": "horizontal",
        "reduceOptions": { "calcs": ["lastNotNull"], "fields": "", "values": false },
        "textMode": "auto"
      },
      "targets": [
        {
          "expr": "sum(chenu_llm_tokens_total) by (provider)",
          "legendFormat": "{{ provider }}",
          "refId": "A"
        }
      ],
      "title": "LLM Tokens by Provider",
      "type": "stat"
    },
    {
      "collapsed": false,
      "gridPos": { "h": 1, "w": 24, "x": 0, "y": 25 },
      "id": 103,
      "panels": [],
      "title": "🔒 Governance & Checkpoints (R&D Compliance)",
      "type": "row"
    },
    {
      "datasource": "Prometheus",
      "fieldConfig": {
        "defaults": {
          "color": { "mode": "palette-classic" },
          "custom": {
            "axisLabel": "",
            "axisPlacement": "auto",
            "drawStyle": "line",
            "fillOpacity": 20,
            "lineInterpolation": "smooth",
            "lineWidth": 2,
            "pointSize": 5,
            "showPoints": "never"
          },
          "mappings": [],
          "thresholds": { "mode": "absolute", "steps": [{ "color": "green", "value": null }] },
          "unit": "short"
        }
      },
      "gridPos": { "h": 8, "w": 8, "x": 0, "y": 26 },
      "id": 30,
      "options": {
        "legend": { "calcs": ["sum"], "displayMode": "table", "placement": "bottom" },
        "tooltip": { "mode": "multi" }
      },
      "targets": [
        {
          "expr": "sum(rate(chenu_checkpoint_total[5m])) by (type)",
          "legendFormat": "{{ type }}",
          "refId": "A"
        }
      ],
      "title": "Checkpoints by Type",
      "type": "timeseries"
    },
    {
      "datasource": "Prometheus",
      "fieldConfig": {
        "defaults": {
          "color": { "mode": "palette-classic" },
          "custom": {
            "axisLabel": "",
            "axisPlacement": "auto",
            "drawStyle": "bars",
            "fillOpacity": 80
          },
          "mappings": [],
          "thresholds": { "mode": "absolute", "steps": [{ "color": "green", "value": null }] },
          "unit": "short"
        }
      },
      "gridPos": { "h": 8, "w": 8, "x": 8, "y": 26 },
      "id": 31,
      "options": {
        "legend": { "calcs": ["sum"], "displayMode": "table", "placement": "bottom" },
        "tooltip": { "mode": "multi" }
      },
      "targets": [
        {
          "expr": "sum(rate(chenu_checkpoint_approved_total[5m]))",
          "legendFormat": "Approved",
          "refId": "A"
        },
        {
          "expr": "sum(rate(chenu_checkpoint_rejected_total[5m]))",
          "legendFormat": "Rejected",
          "refId": "B"
        },
        {
          "expr": "sum(rate(chenu_checkpoint_pending_total[5m]))",
          "legendFormat": "Pending",
          "refId": "C"
        }
      ],
      "title": "Checkpoint Decisions",
      "type": "timeseries"
    },
    {
      "datasource": "Prometheus",
      "fieldConfig": {
        "defaults": {
          "color": { "mode": "thresholds" },
          "mappings": [],
          "thresholds": {
            "mode": "absolute",
            "steps": [
              { "color": "green", "value": null },
              { "color": "red", "value": 1 }
            ]
          },
          "unit": "short"
        }
      },
      "gridPos": { "h": 8, "w": 8, "x": 16, "y": 26 },
      "id": 32,
      "options": {
        "colorMode": "background",
        "graphMode": "none",
        "justifyMode": "auto",
        "orientation": "auto",
        "reduceOptions": { "calcs": ["lastNotNull"], "fields": "", "values": false },
        "textMode": "auto"
      },
      "targets": [
        {
          "expr": "sum(rate(http_requests_total{status=\"403\"}[5m]))",
          "legendFormat": "403 Identity Boundary",
          "refId": "A"
        },
        {
          "expr": "sum(rate(http_requests_total{status=\"423\"}[5m]))",
          "legendFormat": "423 Checkpoint Required",
          "refId": "B"
        }
      ],
      "title": "Governance HTTP Codes",
      "type": "stat"
    },
    {
      "collapsed": false,
      "gridPos": { "h": 1, "w": 24, "x": 0, "y": 34 },
      "id": 104,
      "panels": [],
      "title": "💾 Infrastructure",
      "type": "row"
    },
    {
      "datasource": "Prometheus",
      "fieldConfig": {
        "defaults": {
          "color": { "mode": "palette-classic" },
          "custom": {
            "axisLabel": "",
            "axisPlacement": "auto",
            "drawStyle": "line",
            "fillOpacity": 20,
            "lineInterpolation": "smooth",
            "lineWidth": 2
          },
          "mappings": [],
          "thresholds": { "mode": "absolute", "steps": [{ "color": "green", "value": null }] },
          "unit": "percent"
        }
      },
      "gridPos": { "h": 8, "w": 8, "x": 0, "y": 35 },
      "id": 40,
      "options": {
        "legend": { "calcs": ["mean", "max"], "displayMode": "table", "placement": "bottom" },
        "tooltip": { "mode": "multi" }
      },
      "targets": [
        {
          "expr": "100 - (avg by(instance) (rate(node_cpu_seconds_total{mode=\"idle\"}[5m])) * 100)",
          "legendFormat": "CPU",
          "refId": "A"
        }
      ],
      "title": "CPU Usage",
      "type": "timeseries"
    },
    {
      "datasource": "Prometheus",
      "fieldConfig": {
        "defaults": {
          "color": { "mode": "palette-classic" },
          "custom": {
            "axisLabel": "",
            "axisPlacement": "auto",
            "drawStyle": "line",
            "fillOpacity": 20,
            "lineInterpolation": "smooth",
            "lineWidth": 2
          },
          "mappings": [],
          "thresholds": { "mode": "absolute", "steps": [{ "color": "green", "value": null }] },
          "unit": "percent"
        }
      },
      "gridPos": { "h": 8, "w": 8, "x": 8, "y": 35 },
      "id": 41,
      "options": {
        "legend": { "calcs": ["mean", "max"], "displayMode": "table", "placement": "bottom" },
        "tooltip": { "mode": "multi" }
      },
      "targets": [
        {
          "expr": "(1 - (node_memory_MemAvailable_bytes / node_memory_MemTotal_bytes)) * 100",
          "legendFormat": "Memory",
          "refId": "A"
        }
      ],
      "title": "Memory Usage",
      "type": "timeseries"
    },
    {
      "datasource": "Prometheus",
      "fieldConfig": {
        "defaults": {
          "color": { "mode": "palette-classic" },
          "custom": {
            "axisLabel": "",
            "axisPlacement": "auto",
            "drawStyle": "line",
            "fillOpacity": 20,
            "lineInterpolation": "smooth",
            "lineWidth": 2
          },
          "mappings": [],
          "thresholds": { "mode": "absolute", "steps": [{ "color": "green", "value": null }] },
          "unit": "short"
        }
      },
      "gridPos": { "h": 8, "w": 8, "x": 16, "y": 35 },
      "id": 42,
      "options": {
        "legend": { "calcs": ["mean", "max"], "displayMode": "table", "placement": "bottom" },
        "tooltip": { "mode": "multi" }
      },
      "targets": [
        {
          "expr": "pg_stat_activity_count",
          "legendFormat": "PostgreSQL",
          "refId": "A"
        },
        {
          "expr": "redis_connected_clients",
          "legendFormat": "Redis",
          "refId": "B"
        }
      ],
      "title": "Database Connections",
      "type": "timeseries"
    }
  ],
  "refresh": "10s",
  "schemaVersion": 36,
  "style": "dark",
  "tags": ["chenu", "production", "governance"],
  "templating": { "list": [] },
  "time": { "from": "now-1h", "to": "now" },
  "timepicker": {},
  "timezone": "",
  "title": "CHE·NU - Main Dashboard",
  "uid": "chenu-main",
  "version": 1,
  "weekStart": ""
}
